dmr_variable,at_home_pd_baseline,at_home_pd_m12,at_home_pd_m24,at_home_pd_m36,super_pd_baseline,super_pd_off,super_pd_on,dmr_definition,notes,constant_variable
SubjectCaseInd,,,,,cohort,cohort,cohort,Indicator of whether subject is a case,,
SiteName,,,,,,,,The name of the site for the study,,TRUE
AgeVal,,,,,demo_age,demo_age,demo_age,"Value for participant/subject's age, calculated as elapsed time since the birth of the participant/subject. By default in months",Fox variable needs formatting,
PDBPLBDInclusnCritCaseSubjTyp,,,,,,,,Type of Inclusion criteria for case subjects - Parkinson's Disease Biomarkers Program (PDBP) and Lewy Body Dementia (LBD),,TRUE
GUID,guid,guid,guid,,guid,guid,guid,Global Unique ID (GUID) which uniquely identifies a subject,,
SubjectCntrlInd,,,,,cohort,cohort,cohort,Indicator of whether subject is a control,indicator is reversed,
VisitTypPDBP,Baseline,12 months,24 months,,Baseline,,,Parkinson's Disease Biomarker's Program (PDBP) - visit type,,TRUE
PDBPLBDInclusnCritCntrlSubjTyp,,,,,,,,Type of inclusion criteria for control subjects in Parkinson's Disease Biomarkers Program (PDBP) and Lewy Body Dementia (LBD),,TRUE
VisitDate,visstatdttm,visstatdttm,visstatdttm,,visstatdttm,time_mdsupdrs,time_mdsupdrs_off,Interview or visit date (actually the date when data in the form were captured),,
AgeRemaindrMonths,,,,,,demo_age,demo_age,Remainder Value for participant's subject age when age in years (see Age in years) is recorded.,needs formatting,
AgeYrs,,,,,,demo_age,demo_age,"Value for participant's subject age, calculated as elapsed time since the birth of the participant/subject in years. The subjects age is typically recorded to the nearest full year completed, e.g. 11 years and 6 months should be recorded as 11 years.",needs formatting,
HeartRate,,,,,,,,The participant/subject's pulse or number of contractions (heart beats) per minute,,
WgtMeasr,,,,,,,,Measurement of participant's/subject's weight,,
HgtMeasr,,,,,,,,Measurement of participant's/subject's height.,,
TempMeasr,,,,,,,,Measurement of the participant's/subject's body temperature.,,
VitalSgnDateTime,,,,,,,,"Date (and time, if applicable and known) the vital signs and other body measurements were taken by indicating the month, day, and year for the date and am, pm, or 24 hour clock for time",,
TempMeasrAntmicSite,,,,,,,,Anatomic site on or within the body where the temperature was measured.,,
RespRate,,,,,,,,Rate of the participant/subject's breathing (inhalation and exhalation).,,
BldPressrSystMeasr,,,,,,,,Measurement of pressure of the participant's/subject's blood against the artery walls during systole (the contraction phase) in millimeters of mercury (mmHg),,
BldPressrDiastlMeasr,,,,,,,,Measurement of pressure of the participant's/subject's blood against the artery walls during diastole (the relaxation phase) in millimeters of mercury (mmHg),,
BldPressrMeasrPositionTyp,,,,,,,,Indicator of the participant/subject's position during the blood pressure measurement.,,
MDSUPDRSGaitScore,mdsupdrsgaitscore,,,,mdsupdrsgaitscore_v2,mdsupdrsgaitscore_spd,mdsupdrsgaitscore_2,"Score for the participant's/subject's level of gait observing the stride amplitude, stride speed, height of foot lift, heel strike during walking, turning, and arm swing, as a part of Movement Disorder Society - Unified Parkinson's Disease Rating Scale (MDS UPDRS)",also mdsupdrsgaitscore_spd and mdsupdrsgaitscore_2 and mdsupdrsgaitscore_v2,
MDSUPDRSWlkngBalanceScore,mdsupdrswlkngbalancescore,wlkngbalancescore_m12,wlkngbalancescore_m12,wlkngbalancescore_m12_as,,mdsupdrswlkngbalancescore_spd,,"Score for the participant's/subject's ability to walk and balance on his or her own, as a part of Movement Disorder Society - Unified Parkinson's Disease Rating Scale (MDS UPDRS)",also wlkngbalancescore_m12 and mdsupdrswlkngbalancescore_spd,
MDSUPDRSHobbieOthrActScore,hobbieothractscore,hobbieothractscore_m12,hobbieothractscore_m12,hobbieothractscore_m12_as,,hobbieothractscore_spd,,"Score for the participant's/subject's ability to perform hobbies or other activities, as a part of Movement Disorder Society - Unified Parkinson's Disease Rating Scale (MDS UPDRS)",also hobbieothractscore_m12 and hobbieothractscore_spd,
MDSUPDRSPostureScore,mdsupdrsposturescore,mdsupdrsposturescore,mdsupdrsposturescore,,mdsupdrsposturescore_v2,mdsupdrsposturescore_spd,mdsupdrsposturescore_2,"Score for how well the participant's/subject's posture is by observing the flexion and side-to-side leaning, as a part of Movement Disorder Society - Unified Parkinson's Disease Rating Scale (MDS UPDRS)",also mdsupdrsposturescore_v2 and mdsupdrsposturescore_spd and mdsupdrsposturescore_2,
MDSUPDRSGlblSpontntyMvmntScore,glblspontntymvmnts,glblspontntymvmnts,glblspontntymvmnts,,mdsupdrsglblspontntymvmnts_v2,mdsupdrsglblspontntymvmnts,mdsupdrsglblspontntymvmnts_2,"Score for the participant's/subject's level of global spontaneity of movement observing the slowness, hesitancy, and small amplitude and poverty of movement in general",also mdsupdrsglblspontntymvmnts_v2 and mdsupdrsglblspontntymvmnts and mdsupdrsglblspontntymvmnts_2,
MDSUPDRSTtlHrAwkDyskNum,mdsupdrsttlhrawkdysknum,mdsupdrsttlhrawkdysknum,mdsupdrsttlhrawkdysknum,,,mdsupdrsttlhrawkdysknum_spd,,"Number of total number of hours the participant/subject stays awake, as a part of Movement Disorder Society - Unified Parkinson's Disease Rating Scale (MDS UPDRS)",also mdsupdrsttlhrawkdysknum_spd,
MDSUPDRSPrcntOffDystniaVal,prcntoffdystniaval,prcntoffdystniaval,prcntoffdystniaval,,,mdsupdrsprcntoffdystniaval,,"Value of the percent of time the participant/subject is off with dystonia, as a part of Movement Disorder Society - Unified Parkinson's Disease Rating Scale (MDS UPDRS)",also mdsupdrsprcntoffdystniaval,
MDSUPDRSChwngSwllwngScore,mdsupdrschwngswllwngscore,chwngswllwngscore_m12,chwngswllwngscore_m12,chwngswllwngscore_m12_as,,mdsupdrschwngswllwngscore_spd,,"Score for the participant's/subject's ability to chew and swallow food, as a part of Movement Disorder Society - Unified Parkinson's Disease Rating Scale (MDS UPDRS)",also chwngswllwngscore_m12 and mdsupdrschwngswllwngscore_spd,
MDSUPDRSFreezingGaitScore,mdsupdrsfreezinggaitscore,mdsupdrsfreezinggaitscore,mdsupdrsfreezinggaitscore,,mdsupdrsfreezinggaitscore_v2,mdsupdrsfreezinggaitscore_spd,mdsupdrsfreezinggaitscore_2,"Score for the participant's/subject's level of gait freezing episodes or hesitations especially when turning and reaching the end of the task, as a part of Movement Disorder Society - Unified Parkinson's Disease Rating Scale (MDS UPDRS)",also mdsupdrsfreezinggaitscore_v2 and mdsupdrsfreezinggaitscore_spd and mdsupdrsfreezinggaitscore_2,
MDSUPDRSSlivaDroolScore,mdsupdrsslivadroolscore,slivadroolscore_m12,slivadroolscore_m12,slivadroolscore_m12_as,,mdsupdrsslivadroolscore_spd,,"Score for the participant's/subject's ability to control saliva and drool, as a part of Movement Disorder Society - Unified Parkinson's Disease Rating Scale (MDS UPDRS)",also slivadroolscore_m12 and mdsupdrsslivadroolscore_spd,
MDSUPDRSDyskChreaDystnaPrsScr,dyskchreadystnaprs,dyskchreadystnaprs,dyskchreadystnaprs,,mdsupdrsdyskchreadystnaprs_v2,mdsupdrsdyskchreadystnaprs,mdsupdrsdyskchreadystnaprs_2,"Indicator for whether the participant's/subject's had any dyskinesia (chorea or dystonia) present during examination, as a part of Movement Disorder Society - Unified Parkinson's Disease Rating Scale (MDS UPDRS)",also mdsupdrsdyskchreadystnaprs_v2 and mdsupdrsdyskchreadystnaprs and mdsupdrsdyskchreadystnaprs_2,
MDSUPDRSPainflOffStatDystnaScr,painfloffstatdystn,painfloffstatdystn,painfloffstatdystn,,,mdsupdrspainfloffstatdystn,,"Score for the participant's/subject's level of painful off-state dystonia, as a part of Movement Disorder Society - Unified Parkinson's Disease Rating Scale (MDS UPDRS)",also mdsupdrspainfloffstatdystn,
MDSUPDRSDrpssMoodScore,mdsupdrsdrpssmoodscore,mdsupdrsdrpssmoodscore,mdsupdrsdrpssmoodscore,,,mds_dep,,"Score of the participant's/subject's depressed mood considering low mood, sadness, hopelessness, feelings of emptiness or loss of enjoyment, as a part of Movement Disorder Society - Unified Parkinson's Disease Rating Scale (MDS UPDRS)",also mds_dep,
MDSUPDRSFatigueScore,mdsupdrsfatiguescore,mdsupdrsfatiguescore_m12,mdsupdrsfatiguescore_m12,mdsupdrsfatiguescore_m12_as,,mdsupdrsfatiguescore_spd,,"Score for the participant's/subject's level of fatigue, as a part of Movement Disorder Society - Unified Parkinson's Disease Rating Scale (MDS UPDRS)",also mdsupdrsfatiguescore_m12 and mdsupdrsfatiguescore_spd,
MDSUPDRSQstnnreInfoProvdrTyp,qstnnreinfoprovdrt,qstnnreinfoprovdrt_m12,qstnnreinfoprovdrt_m12,qstnnreinfoprovdrt_m12_as,,qstnnreinfoprovdrt_spd,,"The type as related to the provider of the participant's/subject's information, as a part of Movement Disorder Society - Unified Parkinson's Disease Rating Scale (MDS UPDRS)",also qstnnreinfoprovdrt_m12 and qstnnreinfoprovdrt_spd,
MDSUPDRSFuncImpactDyskScore,funcimpactdyskscor,funcimpactdyskscor,funcimpactdyskscor,,,mdsupdrsfuncimpactdyskscor,,"Score for the participant's/subject's level of functional impact of dyskinesia, as a part of Movement Disorder Society - Unified Parkinson's Disease Rating Scale (MDS UPDRS)",also mdsupdrsfuncimpactdyskscor,
MDSUPDRSSleepProbScore,mdsupdrssleepprobscore,sleepprobscore_m12,sleepprobscore_m12,sleepprobscore_m12_as,,mdsupdrssleepprobscore_spd,,"Score for the participant's/subject's ability to sleep considering how rested he or she felt waking up in the morning, as a part of Movement Disorder Society - Unified Parkinson's Disease Rating Scale (MDS UPDRS)",also sleepprobscore_m12 and mdsupdrssleepprobscore_spd,
RteFtToeTppngScore,,,,,rtefttoetppngscore_v2,rtefttoetppngscore_spd,rtefttoetppngscore_2,"Score for the participant's/subject's ability to tap the right foot toes evaluating speed, amplitude, hesitations, halts and decrementing amplitude, as a part of Movement Disorder Society - Unified Parkinson's Disease Rating Scale (MDS UPDRS)",also rtefttoetppngscore_v2 and rtefttoetppngscore_spd and rtefttoetppngscore_2,
MDSUPDRSFingerTppngLftHndScore,fingertppnglfthnds,fingertppnglfthnds,fingertppnglfthnds,,mdsupdrsfingertppnglfthnds_v2,mdsupdrsfingertppnglfthnds,mdsupdrsfingertppnglfthnds_2,"Score for the participant's/subject's ability to tap the left hand fingers evaluating the speed, amplitude, hesitations, halts and decrementing amplitude, as a part of Movement Disorder Society - Unified Parkinson's Disease Rating Scale (MDS UPDRS)",also mdsupdrsfingertppnglfthnds_v2 and mdsupdrsfingertppnglfthnds and mdsupdrsfingertppnglfthnds_2,
MDSUPDRSRestTremorAmpLUEScore,resttremorampluesc,resttremorampluesc,resttremorampluesc,,mdsupdrsresttremorampluesc_v2,mdsupdrsresttremorampluesc,mdsupdrsresttremorampluesc_2,"Score for the participant's/subject's left upper extremities rest tremor amplitude, as a part of Movement Disorder Society - Unified Parkinson's Disease Rating Scale (MDS UPDRS)",also mdsupdrsresttremorampluesc_v2 and mdsupdrsresttremorampluesc and mdsupdrsresttremorampluesc_2,
MDSUPDRSKineticTremrLftHndScr,kinetictremrlfthnd,kinetictremrlfthnd,kinetictremrlfthnd,,mdsupdrskinetictremrlfthnd_v2,mdsupdrskinetictremrlfthnd,mdsupdrskinetictremrlfthnd_2,"Score for the participant's/subject's level of kinetic tremor of the left hand observing the highest amplitude seen, as a part of Movement Disorder Society - Unified Parkinson's Disease Rating Scale (MDS UPDRS)",also mdsupdrskinetictremrlfthnd_v2 and mdsupdrskinetictremrlfthnd and mdsupdrskinetictremrlfthnd_2,
MDSUPDRSApathyScore,mdsupdrsapathyscore,mdsupdrsapathyscore,mdsupdrsapathyscore,,,mds_apathy,,"Score for the participant's/subject's apathy, considering the level of spontaneous activity, assertiveness, motivation and initiative and how it affects the performance of daily routines, as a part of Movement Disorder Society - Unified Parkinson's Disease Rating Scale (MDS UPDRS)",also mds_apathy,
MDSUPDRSRLERigidScore,,,,,neck_4,mdsupdrsrigidityrle,mdsupdrsrigidityrle_2,"Score for the participant's/subject's right lower extremities rigidity, as a part of Movement Disorder Society - Unified Parkinson's Disease Rating Scale (MDS UPDRS)",also mdsupdrsrigidityrle and mdsupdrsrigidityrle_2 and neck_4,
MDSUPDRSTtlHrDyskNum,mdsupdrsttlhrdysknum,mdsupdrsttlhrdysknum,mdsupdrsttlhrdysknum,,,mdsupdrsttlhrdysknum_spd,,"Number of total number of hours the participant/subject has dyskinesia, as a part of Movement Disorder Society - Unified Parkinson's Disease Rating Scale (MDS UPDRS)",also mdsupdrsttlhrdysknum_spd,
MDSUPDRSFreezingScore,mdsupdrsfreezingscore,mdsupdrsfreezingscore_m12,mdsupdrsfreezingscore_m12,mdsupdrsfreezingscore_m12_as,,mdsupdrsfreezingscore_spd,,"Score for the participant's/subject's inability to move because he or she cannot suddenly move the feet, as a part of Movement Disorder Society - Unified Parkinson's Disease Rating Scale (MDS UPDRS)",also mdsupdrsfreezingscore_m12 and mdsupdrsfreezingscore_spd,
MDSUPDRSProntSupnRtHndMvmtScr,prontsupnrthndmvmt,prontsupnrthndmvmt,prontsupnrthndmvmt,,mdsupdrsprontsupnrthndmvmt_v2,mdsupdrsprontsupnrthndmvmt,mdsupdrsprontsupnrthndmvmt_2,"Score for the participant's/subject's ability to pronate and supinate the right hand evaluating speed, amplitude, hesitations, halts and decrementing amplitude, as a part of Movement Disorder Society - Unified Parkinson's Disease Rating Scale (MDS UPDRS)",also mdsupdrsprontsupnrthndmvmt_v2 and mdsupdrsprontsupnrthndmvmt and mdsupdrsprontsupnrthndmvmt_2,
MDSUPDRSKineticTremrRtHndScore,kinetictremrrthnds,kinetictremrrthnds,kinetictremrrthnds,,mdsupdrskinetictremrrthnds_v2,mdsupdrskinetictremrrthnds,mdsupdrskinetictremrrthnds_2,"Score for the participant's/subject's level of kinetic tremor of the right hand observing the highest amplitude seen, as a part of Movement Disorder Society - Unified Parkinson's Disease Rating Scale (MDS UPDRS)",also mdsupdrskinetictremrrthnds_v2 and mdsupdrskinetictremrrthnds and mdsupdrskinetictremrrthnds_2,
MDSUPDRSEatingTskScore,mdsupdrseatingtskscore,eatingtskscore_m12,eatingtskscore_m12,eatingtskscore_m12_as,,mdsupdrseatingtskscore_spd,,"Score for the participant's/subject's ability to eat and handle food and utensils, as a part of Movement Disorder Society - Unified Parkinson's Disease Rating Scale (MDS UPDRS)",also eatingtskscore_m12 and mdsupdrseatingtskscore_spd,
MDSUPDRSPrcntOffVal,mdsupdrsprcntoffval,mdsupdrsprcntoffval,mdsupdrsprcntoffval,,,mdsupdrsprcntoffval_spd,,"Value of the percent of time the participant/subject is OFF, as a part of Movement Disorder Society - Unified Parkinson's Disease Rating Scale (MDS UPDRS)",also mdsupdrsprcntoffval_spd,
MDSUPDRSFuncImpactFluctScore,funcimpactfluctsco,funcimpactfluctsco,funcimpactfluctsco,,,mdsupdrsfuncimpactfluctsco,,"Score for the participant's/subject's level of functional impact of fluctuations, as a part of Movement Disorder Society - Unified Parkinson's Disease Rating Scale (MDS UPDRS)",also mdsupdrsfuncimpactfluctsco,
MDSUPDRSRUERigidScore,,,,,neck_2,mdsupdrsrigidityrue,mdsupdrsrigidityrue_2,"Score for the participant's/subject's right upper extremities rigidity, as a part of Movement Disorder Society - Unified Parkinson's Disease Rating Scale (MDS UPDRS)",also mdsupdrsrigidityrue and neck_2 and mdsupdrsrigidityrue_2,
MDSUPDRS_PartIIScore,,,,,,,,MDS-UPDRS part II score value,,
MDSUPDRSLegAgiltyLftLegScore,legagiltylftlegsco,legagiltylftlegsco,legagiltylftlegsco,,mdsupdrslegagiltylftlegsco_v2,mdsupdrslegagiltylftlegsco,mdsupdrslegagiltylftlegsco_2,"Score for the participant's/subject's left leg agility evaluating speed, amplitude, hesitations, halts and decrementing amplitude",also mdsupdrslegagiltylftlegsco_v2 and mdsupdrslegagiltylftlegsco and mdsupdrslegagiltylftlegsco_2,
MDSUPDRSRestTremorAmpRUEScore,resttremorampruesc,resttremorampruesc,resttremorampruesc,,mdsupdrsresttremorampruesc_v2,mdsupdrsresttremorampruesc,mdsupdrsresttremorampruesc_2,"Score for the participant's/subject's right upper extremities rest tremor amplitude, as a part of Movement Disorder Society - Unified Parkinson's Disease Rating Scale (MDS UPDRS)",also mdsupdrsresttremorampruesc_v2 and mdsupdrsresttremorampruesc and mdsupdrsresttremorampruesc_2,
MDSUPDRS_PartIScore,,,,,,,,MDS-UPDRS part I score value,,
MDSUPDRSComplxtyMtrFluctScore,complxtymtrfluctsc,complxtymtrfluctsc,complxtymtrfluctsc,,,mdsupdrscomplxtymtrfluctsc,,"Score for the participant's/subject's level of complex motor fluctuations, as a part of Movement Disorder Society - Unified Parkinson's Disease Rating Scale (MDS UPDRS)",also mdsupdrscomplxtymtrfluctsc,
MDSUPDRSTmSpntOffStateScore,tmspntoffstatescor,tmspntoffstatescor,tmspntoffstatescor,,,mdsupdrstmspntoffstatescor,,"Score for the participant's/subject's level of complexity of motor fluctuations, as a part of Movement Disorder Society - Unified Parkinson's Disease Rating Scale (MDS UPDRS)",also mdsupdrstmspntoffstatescor,
MDSUPDRSLegAgiltyRteLegScore,legagiltyrtelegsco,legagiltyrtelegsco,legagiltyrtelegsco,,mdsupdrslegagiltyrtelegsco_v2,mdsupdrslegagiltyrtelegsco,mdsupdrslegagiltyrtelegsco_2,"Score for the participant's/subject's right leg agility evaluating speed, amplitude, hesitations, halts and decrementing amplitude",also mdsupdrslegagiltyrtelegsco_v2 and mdsupdrslegagiltyrtelegsco and mdsupdrslegagiltyrtelegsco_2,
MDSUPDRSMvmntIntrfrnceScore,mvmntintrfrncescor,mvmntintrfrncescor,mvmntintrfrncescor,,mdsupdrsmvmntintrfrncescor_v2,mdsupdrsmvmntintrfrncescor,mdsupdrsmvmntintrfrncescor_2,"Indicator for whether the participant's/subject's movements interfered with the ratings because of the dyskinesia, as a part of Movement Disorder Society - Unified Parkinson's Disease Rating Scale (MDS UPDRS)",also mdsupdrsmvmntintrfrncescor_v2 and mdsupdrsmvmntintrfrncescor and mdsupdrsmvmntintrfrncescor_2,
MDSUPDRS_TotalScore,,,,,,,,MDS-UPDRS total score value,,
PronatSupinLftHndMvmntScore,,,,,pronatsupinlfthndmvmntscor_v2,pronatsupinlfthndmvmntscor,pronatsupinlfthndmvmntscor_2,"Score for the participant's/subject's ability to pronate and supinate the left hand evaluating speed, amplitude, hesitations, halts and decrementing amplitude, as a part of Movement Disorder Society - Unified Parkinson's Disease Rating Scale (MDS UPDRS)",also pronatsupinlfthndmvmntscor_v2 and pronatsupinlfthndmvmntscor and pronatsupinlfthndmvmntscor_2,
MDSUPDRSConstncyRestTremrScore,constncyresttremrs,constncyresttremrs,constncyresttremrs,,mdsupdrsconstncyresttremrs_v2,mdsupdrsconstncyresttremrs,mdsupdrsconstncyresttremrs_2,"Score for the participant's/subject's constancy of rest tremor when different body parts are at rest, as a part of Movement Disorder Society - Unified Parkinson's Disease Rating Scale (MDS UPDRS)",also mdsupdrsconstncyresttremrs_v2 and mdsupdrsconstncyresttremrs and mdsupdrsconstncyresttremrs_2,
MDSUPDRSTtlHrOffDemnDystniaNum,ttlhroffdemndystni,ttlhroffdemndystni,ttlhroffdemndystni,,,mdsupdrsttlhroffdemndystni,,"Number of total hours in the off-state that the examiner records to use as the denominator to calculate proportion of Off hours affected by dystonia, as a part of Movement Disorder Society - Unified Parkinson's Disease Rating Scale (MDS UPDRS)",also mdsupdrsttlhroffdemndystni,
MDSUPDRSHallucPsychosScore,hallucpsychosscore,hallucpsychosscore,hallucpsychosscore,,,mds_psy,,"Score of the participant's/subject's hallucination and psychosis considering both illusions and hallucinations, as a part of Movement Disorder Society - Unified Parkinson's Disease Rating Scale (MDS UPDRS)",also mds_psy,
MDSUPDRSRestTremrAmpLipJawScr,resttremramplipjaw,resttremramplipjaw,resttremramplipjaw,,mdsupdrsresttremramplipjaw_v2,mdsupdrsresttremramplipjaw,mdsupdrsresttremramplipjaw_2,"Score for the participant's/subject's lip and jaw rest tremor amplitude, as a part of Movement Disorder Society - Unified Parkinson's Disease Rating Scale (MDS UPDRS)",also mdsupdrsresttremramplipjaw_v2 and mdsupdrsresttremramplipjaw and mdsupdrsresttremramplipjaw_2,
MDSUPDRS_PartIVScore,,,,,,,,MDS-UPDRS part IV score value,,
MDSUPDRSHygieneScore,mdsupdrshygienescore,mdsupdrshygienescore_m12,mdsupdrshygienescore_m12,mdsupdrshygienescore_m12_as,,mdsupdrshygienescore_spd,,"Score for the participant's/subject's level of hygiene, as a part of Movement Disorder Society - Unified Parkinson's Disease Rating Scale (MDS UPDRS)",also mdsupdrshygienescore_m12 and mdsupdrshygienescore_spd,
MDSUPDRSTtlHrOffNum,mdsupdrsttlhroffnum,mdsupdrsttlhroffnum,mdsupdrsttlhroffnum,,,mdsupdrsttlhroffnum_spd,,"Number of total hours that the participant/subject is Of, as a part of Movement Disorder Society - Unified Parkinson's Disease Rating Scale (MDS UPDRS)",also mdsupdrsttlhroffnum_spd,
MDSUPDRS_PartIIIScore,,,,,,,,MDS-UPDRS part III score value,,
MDSUPDRSGttngOutBedScore,mdsupdrsgttngoutbedscore,gttngoutbedscore_m12,gttngoutbedscore_m12,gttngoutbedscore_m12_as,,mdsupdrsgttngoutbedscore_spd,,"Score for the participant's/subject's ability to get out of bed, a car, or a deep chair, as a part of Movement Disorder Society - Unified Parkinson's Disease Rating Scale (MDS UPDRS)",also gttngoutbedscore_m12 and mdsupdrsgttngoutbedscore_spd,
MDSUPDRSPtntPrknsnMedInd,mdsupdrsptntprknsnmedind,mdsupdrsptntprknsnmedind,mdsupdrsptntprknsnmedind,,mdsupdrsptntprknsnmedind_v2,mdsupdrsptntprknsnmedind_spd,mdsupdrsptntprknsnmedind_2,"Indicator for whether the participant/subject is on medication for treating the symptoms of Parkinson's Disease, as a part of Movement Disorder Society - Unified Parkinson's Disease Rating Scale (MDS UPDRS)",also mdsupdrsptntprknsnmedind and mdsupdrsptntprknsnmedind_v2 and mdsupdrsptntprknsnmedind_spd and mdsupdrsptntprknsnmedind_2,
MDSUPDRSLUERigidScore,,,,,neck_3,mdsupdrsrigidityrue,mdsupdrsrigiditylue_2,"Score for the participant's/subject's left upper extremities rigidity, as a part of Movement Disorder Society - Unified Parkinson's Disease Rating Scale (MDS UPDRS)",also mdsupdrsrigidityrue and neck_3 and mdsupdrsrigiditylue_2,
MDSUPDRSFacialExprScore,mdsupdrsfacialexprscore,mdsupdrsfacialexprscore,mdsupdrsfacialexprscore,,mdsupdrsfacialexprscore_v2,mdsupdrsfacialexprscore_spd,mdsupdrsfacialexprscore_2,"Score for the participant's/subject's ability to make facial expressions observing the eye-blink frequency, masked faces or loss of facial expression, spontaneous smiling and parting of lips, as a part of Movement Disorder Society - Unified Parkinson's Disease Rating Scale (MDS UPDRS)",also mdsupdrsfacialexprscore_v2 and mdsupdrsfacialexprscore_spd and mdsupdrsfacialexprscore_2,
MDSUPDRSRcntCogImprmntScore,rcntcogimprmntscor,rcntcogimprmntscor,rcntcogimprmntscor,,,mds_cog,,"Score for the participant's/subject's cognitive impairment including the cognitive slowing, impaired reasoning, memory loss, deficits in attention and orientation and how it impacts the activities of daily living, as a part of Movement Disorder Society - Unified Parkinson's Disease Rating Scale (MDS UPDRS)",also mds_cog,
MDSUPDRSArisingFrmChrScore,arisingfrmchrscore,arisingfrmchrscore,arisingfrmchrscore,,mdsupdrsarisingfrmchrscore_v2,mdsupdrsarisingfrmchrscore,mdsupdrsarisingfrmchrscore_2,"Score for the participant's/subject's ability to arise from a chair observing the posture, as a part of Movement Disorder Society - Unified Parkinson's Disease Rating Scale (MDS UPDRS)",also mdsupdrsarisingfrmchrscore_v2 and mdsupdrsarisingfrmchrscore_v2 and mdsupdrsarisingfrmchrscore,
MDSUPDRSPtntUseLDOPAInd,mdsupdrsptntuseldopaind,mdsupdrsptntuseldopaind,mdsupdrsptntuseldopaind,,mdsupdrsptntuseldopaind_v2,mdsupdrsptntuseldopaind_spd,mdsupdrsptntuseldopaind_2,"Indicator for whether the participant/subject is taking Levodopa, as a part of Movement Disorder Society - Unified Parkinson's Disease Rating Scale (MDS UPDRS)",also mdsupdrsptntuseldopaind_v2 and mdsupdrsptntuseldopaind_spd and mdsupdrsptntuseldopaind_2,
MDSUPDRSDopmnDysregSyndScore,dopmndysregsyndsco,dopmndysregsyndsco,dopmndysregsyndsco,,,mds_dop,,"Score for the participant's/subject's features of dopamine dysregulation syndrome considering involvement in a variety of activities including atypical or excessive gambling (e.g. casinos or lottery tickets), atypical or excessive sexual drive or interests (e.g., unusual interest in pornography, masturbation, sexual demands on partner), other repetitive activities (e.g. hobbies, dismantling objects, sorting or organizing), or taking extra non-prescribed medication for non-physical reasons (i.e., addictive behavior), as a part of Movement Disorder Society - Unified Parkinson's Disease Rating Scale (MDS UPDRS).",also mds_dop,
MDSUPDRSPostrlTremrLftHndScore,postrltremrlfthnds,postrltremrlfthnds,postrltremrlfthnds,,mdsupdrspostrltremrlfthnds_v2,mdsupdrspostrltremrlfthnds,mdsupdrspostrltremrlfthnds_2,"Score for the participant's/subject's level of postural tremor of the left hand observing the highest amplitude seen, as a part of Movement Disorder Society - Unified Parkinson's Disease Rating Scale (MDS UPDRS)",also mdsupdrspostrltremrlfthnds and mdsupdrspostrltremrlfthnds_2,
MDSUPDRSRestTremorAmpLLEScore,resttremorampllesc,resttremorampllesc,resttremorampllesc,,mdsupdrsresttremorampllesc_v2,mdsupdrsresttremorampllesc,mdsupdrsresttremorampllesc_2,"Score for the participant's/subject's left lower extremities rest tremor amplitude, as a part of Movement Disorder Society - Unified Parkinson's Disease Rating Scale (MDS UPDRS)",also mdsupdrsresttremorampllesc_v2 and mdsupdrsresttremorampllesc_2,
MDSUPDRSPostrlStabltyScore,,,,,postinst_instr,mdsupdrsposstabil,mdsupdrsposstabil_2,"Score for the participant's/subject's level of postural stability , as a part of Movement Disorder Society - Unified Parkinson's Disease Rating Scale (MDS UPDRS)",also mdsupdrsposstabil and mdsupdrsposstabil_2 and postinst_instr,
MDSUPDRSRestTremorAmpRLEScore,resttremoramprlesc,resttremoramprlesc,resttremoramprlesc,,mdsupdrsresttremoramprlesc_v2,mdsupdrsresttremoramprlesc,mdsupdrsresttremoramprlesc_2,"Score for the participant's/subject's right lower extremities rest tremor amplitude, as a part of Movement Disorder Society - Unified Parkinson's Disease Rating Scale (MDS UPDRS)",also mdsupdrsresttremoramprlesc_v2 and mdsupdrsresttremoramprlesc and mdsupdrsresttremoramprlesc_2,
MDSUPDRSTtlHrAwkOffStateNum,ttlhrawkoffstatenu,ttlhrawkoffstatenu,ttlhrawkoffstatenu,,,mdsupdrsttlhrawkoffstatenu,,"Number of total hours that the participant is awake, as a part of Movement Disorder Society - Unified Parkinson's Disease Rating Scale (MDS UPDRS)",also mdsupdrsttlhrawkoffstatenu,
MDSUPDRSFingerTppngRteHndScore,fingertppngrtehnds,fingertppngrtehnds,fingertppngrtehnds,,mdsupdrsfingertppngrtehnds_v2,mdsupdrsfingertppngrtehnds,mdsupdrsfingertppngrtehnds_2,"Score for the participant's/subject's ability to tap the right hand fingers evaluating the speed, amplitude, hesitations, halts and decrementing amplitude, as a part of Movement Disorder Society - Unified Parkinson's Disease Rating Scale (MDS UPDRS)",also mdsupdrsfingertppngrtehnds_v2 and mdsupdrsfingertppngrtehnds and mdsupdrsfingertppngrtehnds_2,
MDSUPDRSPostrlTremorRtHndScore,postrltremorrthnds,postrltremorrthnds,postrltremorrthnds,,mdsupdrspostrltremorrthnds_v2,mdsupdrspostrltremorrthnds,mdsupdrspostrltremorrthnds_2,"Score for the participant's/subject's level of postural tremor of the right hand observing the highest amplitude seen, as a part of Movement Disorder Society - Unified Parkinson's Disease Rating Scale (MDS UPDRS)",also mdsupdrspostrltremorrthnds_v2 and mdsupdrspostrltremorrthnds and mdsupdrspostrltremorrthnds_2,
MDSUPDRSFreeFlowSpeechScore,freeflowspeechscor,freeflowspeechscor,freeflowspeechscor,,mdsupdrsfreeflowspeechscor_v2,mdsupdrsfreeflowspeechscor,mdsupdrsfreeflowspeechscor_2,"Score for the participant's/subject's free flowing speech ability considering the volume, modulation, clarity, slurring, palilalia, and tachyphemia, as a part of Movement Disorder Society - Unified Parkinson's Disease Rating Scale (MDS UPDRS)",also mdsupdrsfreeflowspeechscor_v2 and mdsupdrsfreeflowspeechscor and mdsupdrsfreeflowspeechscor_2,
MDSUPDRSHoehnYahrStageScore,hoehnyahrstagescor,hoehnyahrstagescor,hoehnyahrstagescor,,mdsupdrshoehnyahrstagescor_v2,mdsupdrshoehnyahrstagescor,mdsupdrshoehnyahrstagescor_2,"Score for the participant's/subject's symptoms progression on the Hoehn and Yahr stage scale, as a part of Movement Disorder Society - Unified Parkinson's Disease Rating Scale (MDS UPDRS)",also mdsupdrshoehnyahrstagescor_v2 and mdsupdrshoehnyahrstagescor and mdsupdrshoehnyahrstagescor_2,
MDSUPDRSLstLDOPADoseTm,mdsupdrslstldopadosetm,mdsupdrslstldopadosetm,mdsupdrslstldopadosetm,,mdsupdrslstldopadosetm_v2,mdsupdrslstldopadosetm_spd,mdsupdrslstldopadosetm_2,"Duration of time, in minutes, since the participant/subject last took Levodopa, as a part of Movement Disorder Society - Unified Parkinson's Disease Rating Scale (MDS UPDRS)",also mdsupdrslstldopadosetm_v2 and mdsupdrslstldopadosetm_spd and mdsupdrslstldopadosetm_2,
MDSUPDRSLLERigidScore,,,,,neck_5,mdsupdrsrigiditylle,mdsupdrsrigiditylle_2,"Score for the participant's/subject's lower left extremities rigidity, as a part of Movement Disorder Society - Unified Parkinson's Disease Rating Scale (MDS UPDRS)",also neck_5 and mdsupdrsrigiditylle and mdsupdrsrigiditylle_2,
MDSUPDRSPrimrySrcInfoTyp,mdsupdrsprimrysrcinfotyp,mdsupdrsprimrysrcinfotyp,mdsupdrsprimrysrcinfotyp,,,mdsupdrsprimrysrcinfotyp_spd,,"The type as related to the primary source of information for the participant's/subject's information, as a part of Movement Disorder Society - Unified Parkinson's Disease Rating Scale (MDS UPDRS)",also mdsupdrsprimrysrcinfotyp_spd,
MDSUPDRSDressingScore,mdsupdrsdressingscore,mdsupdrsdressingscore_m12,mdsupdrsdressingscore_m12,mdsupdrsdressingscore_m12_as,,mdsupdrsdressingscore_spd,,"Score for the participant's/subject's ability to dress himself or herself, as a part of Movement Disorder Society - Unified Parkinson's Disease Rating Scale (MDS UPDRS)",also mdsupdrsdressingscore_m12 and mdsupdrsdressingscore_spd,
MDSUPDRSAnxsMoodScore,mdsupdrsanxsmoodscore,mdsupdrsanxsmoodscore,mdsupdrsanxsmoodscore,,,mds_anx,,"Score for the participant's/subject's anxious mood over the past week determining if he or she felt nervous, tense, worried or anxious, as a part of Movement Disorder Society - Unified Parkinson's Disease Rating Scale (MDS UPDRS)",also mds_anx ,
MDSUPDRSLftFtToeTppngScore,lftfttoetppngscore,lftfttoetppngscore,lftfttoetppngscore,,mdsupdrslftfttoetppngscore_v2,mdsupdrslftfttoetppngscore,mdsupdrslftfttoetppngscore_2,"Score for the participant's/subject's ability to tap the left foot toes evaluating speed, amplitude, hesitations, halts and decrementing amplitude, as a part of Movement Disorder Society - Unified Parkinson's Disease Rating Scale (MDS UPDRS)",also mdsupdrslftfttoetppngscore_v2 and mdsupdrslftfttoetppngscore and mdsupdrslftfttoetppngscore_2,
MDSUPDRSPtClinStatePrknsnMdInd,ptclinstateprknsnm,ptclinstateprknsnm,ptclinstateprknsnm,,mdsupdrsptclinstateprknsnm_v2,mdsupdrsptclinstateprknsnm,mdsupdrsptclinstateprknsnm_2,"Indicator for whether the participant/subject is on the typical functional state or not , as a part of Movement Disorder Society - Unified Parkinson's Disease Rating Scale (MDS UPDRS)",also mdsupdrsptclinstateprknsnm_v2 and mdsupdrsptclinstateprknsnm and mdsupdrsptclinstateprknsnm_2,
MDSUPDRSSpeechScore,mdsupdrsspeechscore,mdsupdrsspeechscore_m12,mdsupdrsspeechscore_m12,mdsupdrsspeechscore_m12_as,,mdsupdrsspeechscore_spd,,"Score for the participant's/subject's level of speech, as a part of Movement Disorder Society - Unified Parkinson's Disease Rating Scale (MDS UPDRS)",also mdsupdrsspeechscore_m12 and mdsupdrsspeechscore_spd,
MDSUPDRSConstipProbScore,mdsupdrsconstipprobscore,constipprobscore_m12,constipprobscore_m12,constipprobscore_m12_as,,mdsupdrsconstipprobscore_spd,,"Score for the participant's/subject's level of constipation, as a part of Movement Disorder Society - Unified Parkinson's Disease Rating Scale (MDS UPDRS)",also constipprobscore_m12 and mdsupdrsconstipprobscore_spd,
MDSUPDRSDaytmSleepScore,mdsupdrsdaytmsleepscore,daytmsleepscore_m12,daytmsleepscore_m12,daytmsleepscore_m12_as,,mdsupdrsdaytmsleepscore_spd,,"Score for the participant's/subject's daytime sleepiness level , as a part of Movement Disorder Society - Unified Parkinson's Disease Rating Scale (MDS UPDRS)",also daytmsleepscore_m12 and mdsupdrsdaytmsleepscore_spd,
MDSUPDRSPainOthrSensScore,mdsupdrspainothrsensscore,painothrsensscore_m12,painothrsensscore_m12,painothrsensscore_m12_as,,mdsupdrspainothrsensscore_spd,,"Score for the participant's/subject's level of pain and other sensations, as a part of Movement Disorder Society - Unified Parkinson's Disease Rating Scale (MDS UPDRS)",also painothrsensscore_m12 and mdsupdrspainothrsensscore_spd,
MDSUPDRSRteHndScore,mdsupdrsrtehndscore,mdsupdrsrtehndscore,mdsupdrsrtehndscore,,mdsupdrsrtehndscore_v2,mdsupdrsrtehndscore_spd,mdsupdrsrtehndscore_2,"Score for the participant's/subject's ability to move the right hand evaluating speed, amplitude, hesitations, halts and decrementing amplitude, as a part of Movement Disorder Society - Unified Parkinson's Disease Rating Scale (MDS UPDRS)",also mdsupdrsrtehndscore_v2 and mdsupdrsrtehndscore_spd and mdsupdrsrtehndscore_2,
MDSUPDRSTtlHrOffWDystniaNum,ttlhroffwdystnianu,ttlhroffwdystnianu,ttlhroffwdystnianu,,,mdsupdrsttlhroffwdystnianu,,"Number of total hours that the participant/subject is Off with dystonia, as a part of Movement Disorder Society - Unified Parkinson's Disease Rating Scale (MDS UPDRS)",also mdsupdrsttlhroffwdystnianu,
MDSUPDRSLiteHeadStndngScore,liteheadstndngscor,liteheadstndngscor_m12,liteheadstndngscor_m12,liteheadstndngscor_m12_as,,liteheadstndngscor_spd,,"Score for the participant's/subject's level of light headedness when standing, as a part of Movement Disorder Society - Unified Parkinson's Disease Rating Scale (MDS UPDRS)",also liteheadstndngscor_m12 and liteheadstndngscor_spd,
MDSUPDRSTmSpntDyskScore,mdsupdrstmspntdyskscore,mdsupdrstmspntdyskscore,mdsupdrstmspntdyskscore,,,mdsupdrstmspntdyskscore_spd,,"Score for the participant's/subject's time spent with dyskinesia calculated from the total hours awake, total hours with dyskinesia, and percent dyskinesia, as a part of Movement Disorder Society - Unified Parkinson's Disease Rating Scale (MDS UPDRS)",also mdsupdrstmspntdyskscore_spd,
MDSUPDRSHandwritingScore,mdsupdrshandwritingscore,handwritingscore_m12,handwritingscore_m12,handwritingscore_m12_as,,mdsupdrshandwritingscore_spd,,"Score for the participant's/subject's handwriting abilities, as a part of Movement Disorder Society - Unified Parkinson's Disease Rating Scale (MDS UPDRS)",also handwritingscore_m12 and mdsupdrshandwritingscore_spd,
MDSUPDRSPrcntDyskVal,mdsupdrsprcntdyskval,mdsupdrsprcntdyskval,mdsupdrsprcntdyskval,,,mdsupdrsprcntdyskval_spd,,"Value of the percent of time the participant/subject has dyskinesia, as a part of Movement Disorder Society - Unified Parkinson's Disease Rating Scale (MDS UPDRS)",also mdsupdrsprcntdyskval_spd,
MDSUPDRSTurngBedScore,mdsupdrsturngbedscore,mdsupdrsturngbedscore_m12,mdsupdrsturngbedscore_m12,mdsupdrsturngbedscore_m12_as,,mdsupdrsturngbedscore_spd,,"Score for the participant's/subject's ability to turn in bed, as a part of Movement Disorder Society - Unified Parkinson's Disease Rating Scale (MDS UPDRS)",also mdsupdrsturngbedscore_m12 and mdsupdrsturngbedscore_spd,
MDSUPDRSUrnryProbScore,mdsupdrsurnryprobscore,urnryprobscore_m12,urnryprobscore_m12,urnryprobscore_m12_as,,mdsupdrsurnryprobscore_spd,,"Score for the participant's/subject's degree of urinary problems (e.g. urgent need to urinate, a need to urinate too often, or urine accidents), as a part of Movement Disorder Society - Unified Parkinson's Disease Rating Scale (MDS UPDRS)",also urnryprobscore_m12 and mdsupdrsurnryprobscore_spd,
MDSUPDRSTremorScore,mdsupdrstremorscore,mdsupdrstremorscore_m12,mdsupdrstremorscore_m12,mdsupdrstremorscore_m12_as,,mdsupdrstremorscore_spd,,"Score for the participant's/subject's level of shaking or tremor, as a part of Movement Disorder Society - Unified Parkinson's Disease Rating Scale (MDS UPDRS)",also mdsupdrstremorscore_m12 and mdsupdrstremorscore_spd,
MDSUPDRSLftHndScore,mdsupdrslfthndscore,mdsupdrslfthndscore,mdsupdrslfthndscore,,mdsupdrslfthndscore_v2,mdsupdrslfthndscore_spd,mdsupdrslfthndscore_2,"Score for the participant's/subject's ability to move the left hand evaluating speed, amplitude, hesitations, halts and decrementing amplitude, as a part of Movement Disorder Society - Unified Parkinson's Disease Rating Scale (MDS UPDRS)",also mdsupdrslfthndscore_v2 and mdsupdrslfthndscore_spd and mdsupdrslfthndscore_2,
MDSUPDRSNeckRigidScore,,,,,,mdsupdrsrigidityneck,mdsupdrsrigidityneck_2,"Score for the participant's/subject's neck rigidity , as a part of Movement Disorder Society - Unified Parkinson's Disease Rating Scale (MDS UPDRS)",also mdsupdrsrigidityneck and mdsupdrsrigidityneck_2,
TobcoUseStopAgeVal,,,,,,,,"Age in years when participant/subject  stopped using tobacco products (e.g. cigarettes, cigars, chewing tobacco or pipe)",,
TobcoRcntUseIndPDBP,,,,,,,,"Indicator of the participant's/subject's current regular tobacco (e.g. cigarettes, cigars, chewing tobacco or pipe) use within the past 12 months",,
DrgSubIllctUseCatPDBP,,,,,,,,"Category of illegal drugs, prescription, or over-the-counter drugs the participant/subject used for purposes other than those for which they are meant to be used, or in large amounts",,
AlcUseStopAgeVal,,,,,,,,"Age in years when participant/subject stopped ingesting alcoholic beverages, including social drinking",,
EverUsedTobaccoInd,,,,,,,,Indicator of whether subject has ever used tobacco,,
EverUsedAlcoholInd,,,,,,,,Indicator of whether subject has ever used alcohol,,
DrgSubstCurrntIllicitUseCat,,,,,,,,"Indicator of participant's/subject's use of illegal drugs, prescription or over-the-counter drugs in the past year for purposes other than those for which they are meant to be used, or in large amounts",,
AlcConsume6MoreDrinkFreq,,,,,,,,"The rate of occurrence for when the participant/subject consumes six or more drinks containing alcohol on one occasion. It is noted that the meaning of &amp;quot;drinks consumed&amp;quot; differs from one nation and culture to another, so the most common alcoholic beverages likely to be consumed will be defined as well as quantity of each that constitutes a drink (approximately 10 grams of pure ethanol). For example, one bottle of beer (330 ml at 5% ethanol), a glass of wine (140 ml at 12% ethanol), and a shot of spirits (40 ml at 40% ethanol) represent a standard drink of about 13 g of ethanol.",,
AlcUseRelatedHospInd,,,,,,,,"Indicator of whether the participant/subject has been hospitalized for an alcohol-related problem (i.e., esophageal varices, delirium tremens (DTs), cirrhosis and others)",,
TobcoPriorUseInd,,,,,,,,"Indicator of the participant's/subject's past regular tobacco (e.g. cigarettes, cigars, chewing tobacco or pipe) use prior to the past 12 months",,
TobcoUseStrtAgeVal,,,,,,,,"Age in years when participant/subject started using tobacco products (e.g. cigarettes, cigars, chewing tobacco or pipe)",,
AlcRcntUseIndPDBP,,,,,,,,Indicator of whether the participant/subject consumed at least one alcoholic drink within the past 12 months,,
AlcPriorUseInd,,,,,,,,Indicator of the participant's/subject's alcohol consumption prior to the past 12 months,,
TobcoProdctUsedTypPDBP,,,,,,,,"Type of tobacco product (e.g. cigarettes, cigars, chewing tobacco or pipe) used by the participant/subject",,
AlcUseStrtAgeVal,,,,,,,,"Age in years when participant/subject started ingesting alcoholic beverages, including social drinking",,
TobcoCigaretSmokedDlyAvgNum,,,,,,,,"Average number of cigarettes the participant/subject smokes daily (On the days you smoked cigarettes during the past 30 days, how many cigarettes did you smoke per day, on average?)",,
AlcCurntUseInd,,,,,,,,Indicator of whether the participant/subject consumed at least one alcoholic drink within the past 12 months,,
TobcoUseCurntInd,,,,,,,,"Indicator for whether the participant/subject regularly uses tobacco products (e.g. cigarettes, cigars, chewing tobacco or pipe) at the present time.",,
AlcDrinkingDayAvgDrinks,,,,,,,,"The counted number of drinks containing alcohol consumed by the participant/subject on a typical day when he/she is drinking. It is noted that the meaning of &amp;quot;drinks consumed&amp;quot; differs from one nation and culture to another, so the most common alcoholic beverages likely to be consumed will be defined as well as quantity of each that constitutes a drink (approximately 10 grams of pure ethanol). For example, one bottle of beer (330 ml at 5% ethanol), a glass of wine (140 ml at 12% ethanol), and a shot of spirits (40 ml at 40% ethanol) represent a standard drink of about 13 g of ethanol.",,
AlcUseFreq,,,,,,,,The frequency of consumption of alcohol by the participant.,,
MedctnPriorConcomMinsLstDose,,,,,,,,Medication prior or concomitant number of minutes (additional to hours) since the last dose,,
MedctnPriorConcomHrsLstDose,,,,,,,,Medication prior or concomitant number of hours since the last dose,,
MedctnPriorConcomRteTyp,,,,,,,,Type of access route for the administration of the prior medication.,,
MedctnPriorConcomName,,,,,,,,Name of the prior/concomitant agent or drug administered.,other concomitant medications are under conmed_dose_2 etc.,
MedctnPriorConcomDoseMsrTxt,,,,,,,,Dose of prior/concomitant medication taken per administration text description,,
MedctnPriorConcomIndTxt,,,,,,,,"Text describing reason for administration of a prior/concomitant (no study) agent or measure. This is not the pharmacologic classification of an agent (antibiotic, analgesic, etc.), but the reason for its administration to the participant/subject.",,
MedctnPriorConcomDoseUoM,,,,,,,,Dosage unit of measure of the prior or concomitant medication administered.,,
MedctnPriorConcomFreqTxt,,,,,,,,Medication prior or concomitant dose frequency text description,,
MedctnPriorConcomPD,,,,,,,,Medication prior or concomitant for Parkinson's disease. List of FDA approved medications with an indication for PD as of November 2012,PD med indicator is at conmed_pd_1,
PDBPInclusnXclusn_XclusnCase,,,,,,,,"Parkinson's Disease Biomarkers Program (PDBP) inclusion/exclusion criteria,  exclusion criteria only that apply to the case",criteria are specified as yes/no to individual questions,
PDBPInclusnXclusn_InclusnCntrl,,,,,,,,Parkinson's Disease Biomarkers Program (PDBP) inclusion/exclusion criteria inclusion criteria applied to the control. Indication if the participant is a male or female aged 21 years or older at screening,criteria are specified as yes/no to individual questions,
PDBPInclusnXclusn_InclusnCase,,,,,,,,"Parkinson's Disease Biomarkers Program (PDBP) inclusion/exclusion criteria, inclusion criteria only that apply to the case",criteria are specified as yes/no to individual questions,
StdyEligibilityInd,enrollconfirm,,,,enrollconfirm,,,Indicator of whether the participant/subject is eligible for participation in the clinical research protocol according to its inclusion and exclusion criteria,,
PDBPInclusnXclusn_XclusnCntrl,,,,,,,,"Parkinson's Disease Biomarkers Program (PDBP) inclusion/exclusion criteria, exclusion criteria  only that apply to the control",criteria are specified as yes/no to individual questions,
BloodCollectCentrifugationDur,,,,,,,,Duration of the blood sample centrifugation in minutes,,
SampleCentrifTempVal,,,,,,,,"Temperature of the sample (blood, urine, CSF, etc.) during centrifugation (Celsius)",,
TempMeasrFreezerPDBP,,,,,,,,Measurement of the freezer temperature,,
BloodCollectDateTime,,,,,,,,Date and time blood was collected.,,
SampleShippedDateTime,,,,,,,,The date and time the sample (including blood sample) was shipped.,,
BloodCollCentrifDateTime,,,,,,,,Date and time when blood sample was centrifuged,,
SampPlacedFreezerDateTime,,,,,,,,Samples placed in freezer block date and time,,
BloodCollectVol,,,,,,,,The volume of the blood samples that was collected.,,
CSFCollectedInd,,,,,,,,Indicator that the CSF sample was collected from the subject,,
BloodCollectInd,,,,,,,,Indicator that the blood sample was collected from the subject,,
CentrifgRate,,,,,,,,Rate of centrifugation,,
ReporterTyp,,,,,,,,Who was interviewed for this questionnaire,should be a fixed value,TRUE
MSQ_DreamsAttackedInd,,,,,,,,"The subject  reported about dreams of being chased, attacked, or had to defend himself/herself",,
MSQ_RestlessLegInd,,,,,,,,"The subject complains of a restless, nervous, tingly, or creepy-crawly feeling in legs which affects his ability to fall or stay asleep indicator",,
MSQ_SleepBehavrInd,,,,,,,,"If no, is it because of his/her sleep behaviors (snores too loud, acts out dreams, etc.)",,
MSQ_DreamsActNumYr,,,,,,,,Number of years the patient appear to ''act out his/her dreams'' while sleeping,,
MSQ_StopBreathingInd,,,,,,,,The subject stop breathing during sleep event indicator,,
MSQ_DreamsActNumMo,,,,,,,,Number of months the patient appear to ''act out his/her dreams'' while sleeping,,
MSQ_DreamsActInd,,,,,,,,The subject appears to ''act out his/her dreams'' indication,,
MSQ_TreatedStopBreathingInd,,,,,,,,The subject is currently being treated for stop breathing during the sleep (CPAP) indicator,,
MSQ_SleepSameRoomInd,,,,,,,,Sleep in the same room with the subject indicator,,
MSQ_LiveWithSubjInd,,,,,,,,Live with the subject indicator,,
MSQ_LegJerkInd,,,,,,,,The subject's legs repeatedly jerk or twitch during sleep (not just when falling asleep) indicator,,
MSQ_SleepWalk,,,,,,,,The subject was seen  walking around the bedroom or house while asleep,,
MSQ_SnortAwakeInd,,,,,,,,The subject snorted or choked him/herself awake indicator,,
MSQ_RateAlert,,,,,,,,The rate of  the subject's general level of alertness for the past 3 weeks,,
MSQ_PatientInjInd,,,,,,,,"The subject  has been injured from ''act out his/her dreams'' while sleeping behaviors (bruises, cuts, broken bones) indicator",,
MSQ_LegSensationDecreaseInd,,,,,,,,Unpleasant leg sensations decrease when the subject moves or walks around indicator,,
MSQ_BedpartnerInjInd,,,,,,,,A bedpartner been injured from the subject ''act out his/her dreams'' behavior indicator,,
MSQ_LegCrampsInd,,,,,,,,The subject experienced  leg cramps or intense pain in certain muscles in the leg at night indicator,,
MSQ_DreamsMatchDetailsInd,,,,,,,,The details of the subject's dream match the subject movements made while sleeping,,
MSQ_LegSensationWorst,,,,,,,,Time when the unpleasant leg sensations are the worst,,
RaceExpndCatPDBP,,,,,demo_race,,,Category of race(s) or region(s) the participant/subject most closely identifies with,,checkbox
GenderTypPDBP,gendertyppdbp,,,,demo_sex,,,Self-reported gender of the participant/subject. Gender is the socially constructed identity of sex. Gender is equated with phenotypic sex. Gender may differ from the sex of an individual determined genetically.,"There is no DMR variable for sex, bu t CTCC does not ask about gender. So we assume gender and sex are equivalent in this case.",
EthnUSACat,ethnicity,,,,demo_ethnicity,,,Category of ethnicity the participant/subject most closely identifies with,,
EmplmtStatus,employment,,,,demo_employment,,,Status of participant/subject's current employment,,
EduLvlUSATypPDBP,education,,,,demo_education,,,Highest grade or level of school participant/subject has completed or the highest degree received,also moca_delydrecall_v2,
MOCA_DelydRecalOptnlMultChoice,,,,,,,,Delayed recall test optional with multiple choice cue points earned,,
MOCA_Serial7,moca_serial7,moca_serial7,moca_serial7,,moca_serial7_v2,,moca_5d_spd,Attention test - Serial 7 subtractions test points earned,also moca_serial7_v2,
MOCA_EduInd,moca_eduind,moca_eduind,moca_eduind,,moca_eduind_v2,,moca_edu_spd,Indicator of whether subject has completed 12 years of education.,also moca_eduind_v2,
MOCA_LangFluency,moca_langfluency,moca_langfluency,moca_langfluency,,moca_langfluency_v2,,moca_7_spd,Language test - Serial  language fluency points earned,also moca_langfluency_v2,
MOCA_Total,moca_total,moca_total,moca_total,,moca_total_v2,,moca_score_2,Total points earned Montreal Cognicitve Assessment (MOCA),also moca_total_v2,
MOCA_LangRepeat,moca_langrepeat,moca_langrepeat,moca_langrepeat,,moca_langrepeat_v2,,moca_6_spd,Attention test -  Serial  7 language repeat test points earned,also moca_langrepeat_v2,
MOCA_Letters,moca_letters,moca_letters,moca_letters,,moca_letters_v2,,moca_5c_spd,Attention test - Read list of letters test points earned,also moca_letters_v2,
MOCA_VisuospatialExec,moca_visuospatialexec,moca_visuospatialexec,moca_visuospatialexec,,moca_visuospatialexec_v2,,,Visuospatial/Executive test points earned,also moca_visuospatialexec_v2,
MOCA_Abstraction,moca_abstraction,moca_abstraction,moca_abstraction,,moca_abstraction_v2,,moca_8_spd,Language test -  Serial  language abstraction points earned,also moca_abstraction_v2,
MOCA_Naming,moca_naming,moca_naming,moca_naming,,moca_naming_v2,,,Naming test points earned,also moca_naming_v2,
MOCA_DelydRecall,moca_delydrecall,moca_delydrecall,moca_delydrecall,,moca_delydrecall_v2,,,Delayed recall test - with no cue points earned,,
MOCA_Orient,moca_orient,moca_orient,moca_orient,,moca_orient_v2,,,Orientation test points earned,also moca_orient_v2,
MOCA_ImageResponse,,,,,,,,"MoCA image response, usually uploaded as a scanned image.",also moca_imageresponse_v2 . Note that this is a file.,
MOCA_Digits,moca_digits,moca_digits,moca_digits,,moca_digits_v2,,,Attention test - read list of digits points earned (1 digit per second),also moca_digits_v2,
MOCA_DelydRecallOptnlCatCue,,,,,,,,Delayed recall test optional with category cue points earned,,
PDQ_39_Leisure,,,,,leisure,,,Parkinson's Disease Questionnaire (PDQ-39) - difficulty with leisure activities scale. Indicates if the subject had difficulty doing the leisure activities he/she likes to do,,
PDQ_39_TotalScore_CogImpairmnt,,,,,,,,Parkinson's Disease Questionnaire (PDQ-39) - cognitive impairment (cognitions) total score,,
PDQ_39_TotalScore_ADL,,,,,,,,The total Score for Activities of daily living (ADL) for the Parkinson's Disease Questionnaire (PDQ-39),,
PDQ_39_Tearful,,,,,weepy,,,Parkinson's Disease Questionnaire (PDQ-39) - feeling tearful or weepy scale. Indicates if the subject reported feeling  tearful or weepy,,
PDQ_39_Falling,,,,,fall,,,Parkinson's Disease Questionnaire (PDQ-39) - worried about falling in public places scale. Indicates if the subject worried about falling in public places,,
PDQ_39_Speaking,,,,,speech,,,Parkinson's Disease Questionnaire (PDQ-39) - difficulty speaking scale. Indicates if the subject reported difficulties speaking,,
PDQ_39_Buttons,,,,,shoes,,,Parkinson's Disease Questionnaire (PDQ-39) - difficulty with buttons and shoelaces scale. Indicates if the subject reported difficulty with buttons or shoelaces,,
PDQ_39_AchesPains,,,,,aches,,,Parkinson's Disease Questionnaire (PDQ-39) - aches and pains in joints or body scale. Indicates if the subject reported aches and pains in his/her joints or body,,
PDQ_39_TotalScore_Mobility,,,,,,,,Parkinson's Disease Questionnaire (PDQ-39) - mobility total score,,
PDQ_39_WorriedReaction,,,,,worried,,,Parkinson's Disease Questionnaire (PDQ-39) - feeling worried about other's reaction scale. Indicates if the subject reported feeling worried about other people's reaction to him/her,,
PDQ_39_Worried,,,,,future,,,Parkinson's Disease Questionnaire (PDQ-39) - feeling worried scale. Indicates if the subject reported feeling worried about his/her  future,,
PDQ_39_WalkingBlock,,,,,yards,,,Parkinson's Disease Questionnaire (PDQ-39) - problems walking for one block scale. Indicates if the subject had problems walking approximately 1 block,,
PDQ_39_CuttingFood,,,,,cut,,,Parkinson's Disease Questionnaire (PDQ-39) - difficulty cutting food scale. Indicates if the subject reported difficulty cutting up  food,,
PDQ_39_Memory,,,,,memory_e3a8f9,,,Parkinson's Disease Questionnaire (PDQ-39) - memory failing scale. Indicates if the subject reported his/her  memory  was failing,,
PDQ_39_CrampsSpasms,,,,,cramps,,,Parkinson's Disease Questionnaire (PDQ-39) - painful muscle cramps or spasms scale. Indicates if the subject reported having painful muscle cramps or spasms,,
PDQ_39_Outside,,,,,accompany,,,Parkinson's Disease Questionnaire (PDQ-39) - needs someone to accompany outside scale. Indicates if the subject needed someone else  to accompany him/her when goes outside,,
PDQ_39_HidePD,,,,,conceal,,,Parkinson's Disease Questionnaire (PDQ-39) - feels need to hide Parkinson's Disease from people scale. Indicates if the subject reported that he/she felt that he/she needs to  hide her/his Parkinson's from people,,
PDQ_39_Dressing,,,,,dress,,,Parkinson's Disease Questionnaire (PDQ-39) - difficulty dressing scale. Indicates if the subject reported difficulty dressing,,
PDQ_39_WalkingHalfMile,,,,,mile,,,Parkinson's Disease Questionnaire (PDQ-39) - problems walking for a half mile scale. Indicates if the subject had problems walking for half a mile,,
PDQ_39_Showering,,,,,wash,,,Parkinson's Disease Questionnaire (PDQ-39) - difficulty showering and bathing scale. Indicates if the subject reported  difficulty showering and bathing,,
PDQ_39_Depressed,,,,,depressed,,,Parkinson's Disease Questionnaire (PDQ-39) - feeling depressed scale. Indicates if the subject reported feeling depressed,,
PDQ_39_Relationships,,,,,relationships,,,Parkinson's Disease Questionnaire (PDQ-39) - problems with personal relationships scale. Indicates if the subject reported having problems with his/her close personal relationships,,
PDQ_39_UnexpctdSleep,,,,,sleep,,,Parkinson's Disease Questionnaire (PDQ-39) - unexpectedly falling asleep during the day scale. Indicates if the subject reported unexpectedly fallen asleep during the day,,
PDQ_39_PublicPlaces,,,,,public,,,Parkinson's Disease Questionnaire (PDQ-39) - difficulty moving around in public places scale. Indicates if the subject had difficulty moving around in public places,,
PDQ_39_HotCold,,,,,temp,,,Parkinson's Disease Questionnaire (PDQ-39) - feeling uncomfortably hot or cold scale. Indicates if the subject reported feeling  uncomfortably hot and/or cold,,
PDQ_39_Ignored,,,,,ignored,,,Parkinson's Disease Questionnaire (PDQ-39) - feeling ignored by people scale. Indicates if the subject reported feeling ignored by people,,
PDQ_39_EmbarrassedPublic,,,,,embarrassed,,,Parkinson's Disease Questionnaire (PDQ-39) - feeling embarrassed in public scale. Indicates if the subject reported feeling embarrassed in public,,
PDQ_39_Concentration,,,,,concentration,,,"Parkinson's Disease Questionnaire (PDQ-39) - problems with concentration scale. Indicates if the subject reported problems with his/her concentration when reading, watching TV, etc.",,
PDQ_39_LackOfSuprtPrtnr,,,,,spouse,,,Parkinson's Disease Questionnaire (PDQ-39) - lack of support from spouse or partner scale. Indicates if the subject reported lack of support he/she needed from a spouse or a partner,,
PDQ_39_House,,,,,home,,,Parkinson's Disease Questionnaire (PDQ-39) problems getting around the house scale. Indicates if the subject had problems getting around the house easily,,
PDQ_39_Housework,,,,,housework,,,"Parkinson's Disease Questionnaire (PDQ-39) -difficulty looking after the subject's  home scale. Indicates if the subject reports having  difficulty looking after his/her home, for example, housework, cooking or yardwork",,
PDQ_39_TotalScore_SocialSuprt,,,,,,,,Parkinson's Disease Questionnaire (PDQ-39) - social support total score,,
PDQ_39_Lonely,,,,,isolated,,,Parkinson's Disease Questionnaire (PDQ-39) - feeling lonely and isolated scale. Indicates if the subject reported feeling  lonely and isolated,,
PDQ_39_Anxious,,,,,anxious,,,Parkinson's Disease Questionnaire (PDQ-39) feeling anxious scale. Indicates if the subject reported feeling anxious,,
PDQ_39_TotalScore_Stigma,,,,,,,,Parkinson's Disease Questionnaire (PDQ-39) - stigma total score,,
PDQ_39_TotalScore_Communcation,,,,,,,,Parkinson's Disease Questionnaire (PDQ-39) - communication total score,,
PDQ_39_LackOfSuprtFmly,,,,,friends,,,Parkinson's Disease Questionnaire (PDQ-39) - lack of support from family or friends scale. Indicates if the subject reported lack of support he/she needed from  family and/or close friends,,
PDQ_39_GroceryBags,,,,,bags,,,Parkinson's Disease Questionnaire (PDQ-39) - difficulty carrying grocery bags scale. Indicates if the subject had difficulty carrying grocery bags,,
PDQ_39_HoldingDrink,,,,,spill,,,Parkinson's Disease Questionnaire (PDQ-39) - difficulty holding drink without spilling scale. Indicates if the subject reported difficulty holding a drink without spilling,,
PDQ_39_TotalScore_BodDiscomfrt,,,,,,,,Parkinson's Disease Questionnaire (PDQ-39) - bodily discomfort total score,,
PDQ_39_Angry,,,,,angry,,,Parkinson's Disease Questionnaire (PDQ-39) - feeling angry or bitter scale. Indicates if the subject reported feeling angry and/or bitter,,
PDQ_39_Writing,,,,,writing,,,Parkinson's Disease Questionnaire (PDQ-39) - difficulty writing clearly scale. Indicates if the subject reported problems writing clearly,,
PDQ_39_Confined,,,,,confined,,,Parkinson's Disease Questionnaire (PDQ-39) - confined to house scale. Indicates if the subject had been confined to the house more than he/she liked,,
PDQ_39_EatingPublic,,,,,avoid,,,Parkinson's Disease Questionnaire (PDQ-39) - avoiding eating or drinking in public scale. Indicates if the subject reported that he/she avoided situations which involve eating or drinking in public,,
PDQ_39_Dreams,,,,,dreams,,,Parkinson's Disease Questionnaire (PDQ-39) - distressing dreams or hallucinations scale. Indicates if the subject reported having  distressing dreams  and/or hallucinations,,
PDQ_39_Communicate,,,,,communicate,,,Parkinson's Disease Questionnaire (PDQ-39) - unable to communicate effectively scale. Indicates if the subject reported feeling that he/she is unable to communicate effectively,,
PDQ_39_TotalScore_Emotional,,,,,,,,Parkinson's Disease Questionnaire (PDQ-39) -emotional well being total score,,
RandomizedInd,,,,,,,,"Indicator of whether the participant/subject was randomly assigned (i.e., by chance not choice) to an intervention/treatment group or control group.",,
EnrldStdyDateTime,inexdttm,,,,,,,"Date (and time, if applicable and known) the participant/subject is enrolled into the study",,
InfConsntObtInd,inex5,,,,,,,Indicator of whether informed consent was obtained for the participant/subject to participate in the clinical research study.,,
InformConsntObtnDateTime,inexdttm,,,,,,,"Date (and time, if applicable and known) on which the participant/subject (or the legal representative on behalf of the participant/subject) agrees to participate in a protocol, treatment, or other activity by signing an informed consent document.",assumes enrollment happened as soon as participant was determined eligible,
EnrldStdyInd,enrollconfirm,,,,enrollconfirm,,,Indicator of whether the participant/subject was enrolled into the clinical research study.,,
RandomizedDateTime,,,,,,,,"Date (and time, if applicable and known) the participant/subject is randomly assigned (i.e., by chance not choice) to an intervention/treatment group or control group.",,
CranlNervMassetWeakFind,,,,,,,,Cranial nerves II-XII Masseter muscular weakness findings,,
ReflexPatellarLftAssmt,,,,,,,,Reflexes Patellar left assessment,,
MotorStrgthQuadcpsRtAssmt,,,,,,,,Motor strength Quadriceps right assessment,,
ReflexBrachioradRtAssmt,,,,,,,,Reflexes Brachioradialis right assessment,,
CranlNervEyeMovmntUpFind,,,,,,,,Cranial nerves II-XII eye movements up findings,,
OthrMovmntMyoclonusLoc,,,,,,,,Myoclonus,,
CranlNervExamFind,,,,,,,,Cranial nerves II-XII examination findings,,
MotorStrgthHamstringLftAssmt,,,,,,,,Motor strength Hamstrings left assessment,,
SensationAssmtExamFind,,,,,,,,Sensation assessment,,
CranlNervFaclStrngthLft,,,,,,,,Cranial nerves II-XII peripheral facial strength left findings,,
CranlNervPupilsFind,,,,,,,,Cranial nerves II-XII pupils findings,,
CranlNervEyeMovmntLatFind,,,,,,,,Cranial nerves II-XII eye movements lateral findings,,
CranlNervQuadrantanopiaLoc,,,,,,,,Cranial nerves II-XII area(s) of quadrantanopia,,
CranlNervPupilsAbnrmlyFind,,,,,,,,Cranial nerves II-XII pupils abnormality findings,,
AgeDiagnosYrs,,,,,pd_year,,,"Value for participant's subject age, calculated as elapsed time since the birth of the participant/subject to time of diagnosis in years",,
OthrMovmntTicsLoc,,,,,,,,Tics,,
CranlNervVisualAcuityFind,,,,,,,,Cranial nerves II-XII visual acuity (corrected) findings.,,
CranlNervSCMWeakFind,,,,,,,,Cranial II-XII sternocleidomastoid weakness findings,,
SensationProxmlArmRtFind,,,,,,,,Sensation Proximal Arm right findings,,
MotorStrgthAtrophInd,,,,,,,,Motor strength atrophy indicator assessment,,
OthrExamFindTxt,,,,,,,,Describe other exam findings not noted elsewhere.,,
SensationProxmlArmLftFind,,,,,,,,Sensation Proximal Arm left findings,,
CranlNervHemianopiaLoc,,,,,,,,Cranial nerves II-XII area(s) of hemianopia locations(s),,
CranlNervEyeMovmntSmoothPur,,,,,,,,Cranial nerves II-XII eye movements smooth pursuit findings,,
CranlNervRinneTestRslt,,,,,,,,Cranial nerves II-XII Rinne test result,,
OthrMovmntAthetosisLoc,,,,,,,,Athetosis,,
SensationDistlLegRtFind,,,,,,,,Sensation Distal Leg right findings,,
SensationDistlArmLftFind,,,,,,,,Sensation Distal Arm left findings,,
CranlNervEyeMovmntDownFind,,,,,,,,Cranial nerves II-XII eye movements down findings,,
MotorStrgthTblAnterRtAssmt,,,,,,,,Motor strength Tibialis Anterior right assessment,,
OthrMovmntChoreaLoc,,,,,,,,Chorea location,,
CranlNervPapilledemaFind,,,,,,,,Cranial nerves II-XII Papilledema findings,,
CranlNervFaclNumbnessFind,,,,,,,,Cranial nerves II-XII facial numbness findings,,
NeuroExamPrimaryDiagnos,,,,,,,,Neurological exam primary diagnosis,,
CranlNervVisualAcuityAbnrmly,,,,,,,,Cranial nerves II-XII visual acuity abnormality descriptor findings,,
CranlNervWeberTestRsltFind,,,,,,,,Cranial nerves II-XII Weber test result findings,,
MotorStrgthBicepsRtAssmt,,,,,,,,Motor strength Biceps right assessment,,
MotorStrgthInterosLftAssmt,,,,,,,,Motor strength Interossei left assessment,,
ReflexBabinskyInd,,,,,,,,Reflexes Babinsky indicator,,
CranlNervHearingAbnrmlyFind,,,,,,,,Cranial nerves II-XII hearing abnormality findings,,
ReflexOthrTxt,,,,,,,,Text descriptor of other reflexes tested and the result.,,
CranlNervGagRflxFind,,,,,,,,Cranial nerves II-XII Gag reflex findings,,
NeuroExamAbnrmlFindDocumntd,,,,,,,,"Whether abnormal Neurological examination findings were  documented in another form e.g., MDS-UPDRS, MoCA, Hamilton",,
CranlNervDiscPallorFind,,,,,,,,Cranial nerves II-XII disc pallor findings,,
MotorStrgthBicepsLftAssmt,,,,,,,,Motor strength Biceps left assessment,,
CranlNervTongueWeakFind,,,,,,,,Cranial nerves II-XII tongue weakness findings,,
MotorStrgthInterosRtAssmt,,,,,,,,Motor strength Interossei right assessment,,
OthrMovmntBallismusLoc,,,,,,,,Ballismus location,,
CranlNervEyeMovmntFind,,,,,,,,Cranial nerves II-XII eye movements findings,,
MotorStrgthDeltoidRtAssmt,,,,,,,,Motor strength Deltoid right assessment,,
MotorStrgthTricepsRtAssmt,,,,,,,,Motor strength Triceps right assessment,,
MotorStrgthFlexCarpiRadLtAssmt,,,,,,,,Motor strength flex Carpi Radialials left assessment,,
Gait,,,,,,,,Gait descriptor,,
CranlNervPtosisLocFind,,,,,,,,Cranial nerves II-XII Ptosis findings,,
MotorStrgthExtCarpiRadLftAssmt,,,,,,,,Motor strength ext. Carpi Radialials left assessment,,
ReflexBicepsRtAssmt,,,,,,,,Reflexes Biceps right assessment,,
MotorStrgthHamstringRtAssmt,,,,,,,,Motor strength Hamstrings right assessment,,
SensationDistlLegLftFind,,,,,,,,Sensation Distal Leg left findings,,
MotorStrgthTricepsLftAssmt,,,,,,,,Motor strength Triceps left assessment,,
CranlNervEyeMovmntSaccadesFind,,,,,,,,Cranial nerves II-XII eye movements saccades findings,,
MotorStrgthExtCarpiRadRtAssmt,,,,,,,,Motor strength ext. Carpi Radialials right assessment,,
CranlNervPalatalElevatnFind,,,,,,,,Cranial nerves II-XII palatal elevation findings,,
ReflexAchillesRtAssmt,,,,,,,,Reflexes Achilles right assessment,,
CranlNervFaclStrngthRt,,,,,,,,Cranial nerves II-XII central facial strength right findings,,
SensationProxmlLegLftFind,,,,,,,,Sensation Proximal Leg left findings,,
MotorStrgthQuadcpsLftAssmt,,,,,,,,Motor strength Quadriceps left assessment,,
MotorStrgthFlexCarpiRadRtAssmt,,,,,,,,Motor strength flex Carpi Radialials right assessment,,
CranlNervVisualFieldsFind,,,,,,,,Cranial nerve II-XII visual fields findings,,
InclusnXclusnCntrlInd,,,,,cohort,,,Indicated if the participant is subject or control,indicator is flipped,
AgeDiagnosRemaindrMonths,,,,,pd_year,,,Remainder value for participant's subject age when age in years (see Age at diagnosis in years) is recorded,,
CranlNervCentralScotomaLoc,,,,,,,,Cranial nerves II-XII area(s) of central scotoma,,
CranlNervEyeMovmntMedialFind,,,,,,,,Cranial nerves II-XII eye movements medial findings,,
ReflexTricepsRtAssmt,,,,,,,,Reflexes Triceps right assessment,,
MotorStrgthExamFind,,,,,,,,Motor strength  examination findings,,
MentlStatExamFind,,,,,,,,Neurological examination mental status findings,,
SensationDistlArmRtFind,,,,,,,,Sensation Distal Arm right findings,,
ReflexAchillesLftAssmt,,,,,,,,Reflexes Achilles left assessment,,
SensationStockingGloveFind,,,,,,,,Sensation  Stocking/Glove findings,,
CranlNervHearingFind,,,,,,,,Cranial nerves II-XII hearing findings,,
ReflexBicepsLftAssmt,,,,,,,,Reflexes Biceps left assessment,,
MentlStatExamMoodAbnrmlyTxt,,,,,,,,Text description of mood or affect abnormality,,
SensationProxmlLegRtFind,,,,,,,,Sensation Proximal Leg right findings,,
ReflexBabinskyLoc,,,,,,,,Reflexes Babinsky location,,
ReflexBrachioradLtAssmt,,,,,,,,Reflexes Brachioradialis left assessment,,
MotorStrgthTblAnterLftAssmt,,,,,,,,Motor strength Tibialis Anterior left assessment,,
OthrMovmntInd,,,,,,,,Other movements indicator,,
MentlStatExamCogAbnrmlyTxt,,,,,,,,Text description of cognitive abnormality,,
ReflexTricepsLftAssmt,,,,,,,,Reflexes Triceps left assessment,,
MotorStrgthGastrocnmusLftAssmt,,,,,,,,Motor strength Gastrocnemius left assessment,,
ReflexInd,,,,,,,,Reflexes indicator,,
MotorStrgthlliopsoasRtAssmt,,,,,,,,Motor strength  lliopsoas right assessment,,
ReflexPatellarRtAssmt,,,,,,,,Reflexes Patellar right assessment,,
CranlNervFaclStrngthFind,,,,,,,,Cranial nerves II-XII facial strength findings,,
CranlNervShouldShrugWeakFind,,,,,,,,Cranial nerves II-XII shoulder shrug weakness findings,,
MotorStrgthFasciculationFind,,,,,,,,Motor strength fasciculations findings,,
MotorStrgthlliopsoasLftAssmt,,,,,,,,Motor strength  lliopsoas left assessment,,
CranlNervFaclNumbnessLoc,,,,,,,,Cranial nerves II-XII facial numbness locations,,
CranlNervTongueOthrFind,,,,,,,,Cranial nerves II-XII other tongue findings,,
OthrMovmntAtaxiaLoc,,,,,,,,Ataxia location,,
MotorStrgthGastrocnmusRtAssmt,,,,,,,,Motor strength Gastrocnemius right assessment,,
NeuroExamFind,,,,,,,,Neurological examination findings,,
MotorStrgthDeltoidLftAssmt,,,,,,,,Motor strength Deltoid left assessment,,
SeriousAdvrsEvntInd,,,,,,,,The indicator of whether the adverse event is serious.,"See evntcode. ""Should only be answered YES if the outcome of the AE results in at least one of the following: death; a life-threatening adverse drug experience; results in inpatient hospitalization or prolongation of existing hospitalization; a persistent or significant disability/incapacity; or a congenital anomaly/birth defect. If an AE is serious, this provides a trigger that additional information must be provided by the site investigator.""",
AdverseEvntEndDateTime,reslvdt,reslvdt,reslvdt,,,,,"Date (and time, if applicable and known) on which the adverse event discontinued/stopped",,
AdvEvntOthrActionTakenTyp,,,,,,,,Type of action taken due to adverse event other than action taken with study intervention/ treatment,,
AdvrsEvntDuringStudyInd,,,,,,,,Indicator of whether the participant/subject experienced any adverse events during the study,,
AdvrsEvntSeverScale,,,,,,,,Scale of the severity or intensity of the adverse event,,
AdvEvntStdyIntrvntActTakenTyp,,,,,,,,Type of action taken for adverse event in relation to study intervention,,
AdvrsEvntVerbatimTermText,aeterm,aeterm,aeterm,,,,,Text that describes the adverse event word for word as described by the participant/subject,,
AdvEvntRelatednessScalePDBP,,,,,,,,Scale of the causality between the treatment modality/intervention and the specific adverse event,,
AdvrsEvntStartDateTime,onsetdt,onsetdt,onsetdt,,,,,"Date (and time, if applicable and known) on which the adverse event was first evident",,
AdvrsEvntOutcomStatus,,,,,,,,Final status of the participant/subject related to the adverse event,,
FamHistMedclCondInd,,,,,,,,Indicator of whether a family member or first and second degree blood relatives of the participant/subject has had a history of the medical condition or health related event,,
FamHistMedclCondTyp,,,,,,,,Type of medical condition or health related event for which the family history is taken,,
FamHistMedclCondReltvTyp,,,,,,,,Relationship of the family member or ancestor with the medical condition or health related event to the participant/subject,,
UPDRStScaleSchEngDalLivScl,tscaleschengdallivscl,tscaleschengdallivscl,tscaleschengdallivscl,,,,,Schwab and England Activities of Daily Living scale,,
EarlyTerm_StopFactor,reasonpw,,,,reasonpw,,,Which of the following do you think best represents the reason you chose to stop participating? You can only choose one answer.,,
EarlyTerm_StopPrtpWhy,,,,,,,,Please tell me if each of the following was part of why you chose to stop participating,,
EarlyTerm_ImportntFactor,,,,,,,,"If you had to choose only one answer as the most important thing that led to you to participate, what would it be?",,
EarlyTerm_StdySatisfctn,,,,,,,,There was something specific I hoped to get out of participating and didn't.,,
EarlyTerm_Expectns,,,,,,,,The study did not live up to the expectations I had.,,
EarlyTerm_PrtpWhy,,,,,,,,I'd like you to try to remember why you initially chose to participate in the study. Please tell me if each of the following was part of why you originally chose to enroll?,,
